/books/animal-architects/index.{html} /books/animal-architects/
/books/emergent-strategy/index.{html} /books/emergent-strategy/
/books/pluriverse/index.{html} /books/pluriverse/
/notes/microsolidarity/index.{html} /notes/microsolidarity/
/thoughts/ci/index.{html} /thoughts/ci/
/thoughts/democracy/index.{html} /thoughts/democracy/
/notes/lqdem-2exps/index.{html} /notes/lqdem-2exps/
/index.html /
/books/parable-of-the-sower/index.{html} /books/parable-of-the-sower/
/cv/projects/index.{html} /cv/projects/
/cv/pubs/mdn-anom/index.{html} /cv/pubs/mdn-anom/
/cv/pubs/rl-openspiel/index.{html} /cv/pubs/rl-openspiel/
/documents/all-watched-over/index.{html} /documents/all-watched-over/
/notes/eugenics-utopia/index.{html} /notes/eugenics-utopia/
/notes/mg-sem-decim/index.{html} /notes/mg-sem-decim/
/thoughts/biomimicry/index.{html} /thoughts/biomimicry/
/thoughts/stewardship/index.{html} /thoughts/stewardship/
/notes/design-gov/index.{html} /notes/design-gov/
/notes/innovation-gov/index.{html} /notes/innovation-gov/
/thoughts/alignment/index.{html} /thoughts/alignment/
/books/_booklist/index.{html} /books/_booklist/
/books/braiding-sweetgrass/index.{html} /books/braiding-sweetgrass/
/notes/dair-stochastic-parrots/index.{html} /notes/dair-stochastic-parrots/
/thoughts/digital-garden/index.{html} /thoughts/digital-garden/
/thoughts/fed-garden/index.{html} /thoughts/fed-garden/
/thoughts/transparency/index.{html} /thoughts/transparency/
/thoughts/participatory-design/index.{html} /thoughts/participatory-design/
/books/dispossessed/index.{html} /books/dispossessed/
/cv/doings/index.{html} /cv/doings/
/cv/pubs/tom-rl/index.{html} /cv/pubs/tom-rl/
/documents/russell-einstein/index.{html} /documents/russell-einstein/
/notes/meaning/index.{html} /notes/meaning/
/notes/ml-value-encoding/index.{html} /notes/ml-value-encoding/
/thoughts/nomadism/index.{html} /thoughts/nomadism/
/cv/contact/index.{html} /cv/contact/
/cv/ideas/index.{html} /cv/ideas/
/cv/pubs/mlo/index.{html} /cv/pubs/mlo/
/cv/vision/index.{html} /cv/vision/
/thoughts/web3/index.{html} /thoughts/web3/
/cv/pubs/dac-rl/index.{html} /cv/pubs/dac-rl/
/cv/pubs/intent-anom/index.{html} /cv/pubs/intent-anom/
/notes/PAIR/index.{html} /notes/PAIR/
/thoughts/citizen-science/index.{html} /thoughts/citizen-science/
